date,high,low,open,close,volume,adjclose,formatted_date
1639123200,30.65999984741211,27.790000915527344,28.0,29.774999618530273,30590766.0,28.553556442260742,2021-12-10
1639382400,33.47999954223633,31.360000610351562,32.0,32.959999084472656,7337816.0,31.607900619506836,2021-12-13
1639468800,35.10499954223633,32.54499816894531,34.005001068115234,32.900001525878906,4262934.0,31.550363540649414,2021-12-14
1639555200,33.08000183105469,31.510000228881836,32.869998931884766,33.04999923706055,3539633.0,31.6942081451416,2021-12-15
1639641600,34.19499969482422,32.52000045776367,33.20000076293945,32.6150016784668,2738873.0,31.277055740356445,2021-12-16
1639728000,32.494998931884766,31.399999618530273,32.275001525878906,31.399999618530273,4692789.0,30.111896514892578,2021-12-17
1639987200,30.889999389648438,30.049999237060547,30.65999984741211,30.5,2863016.0,29.248815536499023,2021-12-20
1640073600,30.8799991607666,29.899999618530273,30.5,30.825000762939453,1913265.0,29.560483932495117,2021-12-21
1640160000,30.899999618530273,30.100000381469727,30.875,30.899999618530273,1777535.0,29.63240623474121,2021-12-22
1640246400,32.76499938964844,30.7450008392334,31.0,32.400001525878906,1451708.0,31.07087516784668,2021-12-23
1640592000,32.56999969482422,31.5,32.380001068115234,32.28499984741211,1086801.0,30.960590362548828,2021-12-27
1640678400,32.345001220703125,31.75,32.345001220703125,32.150001525878906,821921.0,30.831130981445312,2021-12-28
1640764800,32.584999084472656,31.985000610351562,32.150001525878906,32.4900016784668,858104.0,31.157182693481445,2021-12-29
1640847600,32.52000045776367,32.01499938964844,32.310001373291016,32.290000915527344,546963.0,30.96538734436035,2021-12-30
1641196800,32.70000076293945,31.78499984741211,32.599998474121094,32.0,1083930.0,30.68728256225586,2022-01-03
1641283200,32.54499816894531,31.969999313354492,32.150001525878906,32.0,1844334.0,30.68728256225586,2022-01-04
1641369600,32.70000076293945,31.825000762939453,32.060001373291016,32.529998779296875,1421773.0,31.195539474487305,2022-01-05
1641456000,32.189998626708984,31.420000076293945,32.0,32.0,2506710.0,30.68728256225586,2022-01-06
1641542400,32.32500076293945,31.68000030517578,31.68000030517578,32.209999084472656,1420131.0,30.8886661529541,2022-01-07
1641801600,33.4900016784668,32.02000045776367,32.2599983215332,33.4900016784668,3562734.0,32.11616134643555,2022-01-10
1641888000,34.54999923706055,33.435001373291016,33.630001068115234,34.5,1822030.0,33.0847282409668,2022-01-11
1641974400,34.95000076293945,33.724998474121094,34.904998779296875,34.25,1981258.0,32.8449821472168,2022-01-12
1642060800,34.5,33.849998474121094,34.25,33.94499969482422,1739018.0,32.552494049072266,2022-01-13
1642147200,35.119998931884766,33.904998779296875,33.91999816894531,34.970001220703125,2491103.0,33.53544616699219,2022-01-14
1642406400,35.755001068115234,35.275001525878906,35.29499816894531,35.439998626708984,1285744.0,33.98616409301758,2022-01-17
1642492800,35.68000030517578,34.310001373291016,35.5,34.310001373291016,1947876.0,32.902523040771484,2022-01-18
1642579200,34.82500076293945,32.80500030517578,34.26499938964844,32.80500030517578,2906683.0,31.459259033203125,2022-01-19
1642665600,33.349998474121094,31.78499984741211,33.0,33.005001068115234,2983023.0,31.65105628967285,2022-01-20
1642752000,32.86000061035156,32.08000183105469,32.744998931884766,32.67499923706055,2358430.0,31.334590911865234,2022-01-21
1643011200,32.70000076293945,30.854999542236328,32.27000045776367,31.670000076293945,2528612.0,30.370819091796875,2022-01-24
1643097600,32.45500183105469,31.264999389648438,32.005001068115234,31.854999542236328,2228089.0,30.54823112487793,2022-01-25
1643184000,33.470001220703125,32.16999816894531,32.290000915527344,32.834999084472656,1870548.0,31.488027572631836,2022-01-26
1643270400,33.125,32.06999969482422,32.334999084472656,32.22999954223633,1697064.0,30.907846450805664,2022-01-27
1643356800,32.52000045776367,31.434999465942383,32.5,31.684999465942383,1861058.0,30.385204315185547,2022-01-28
1643616000,32.36000061035156,31.3799991607666,32.33000183105469,31.3799991607666,1529420.0,30.092716217041016,2022-01-31
1643702400,32.39500045776367,31.844999313354492,31.96500015258789,32.290000915527344,1046869.0,30.96538734436035,2022-02-01
1643788800,32.380001068115234,31.80500030517578,32.10499954223633,31.809999465942383,1065580.0,30.505075454711914,2022-02-02
1643875200,31.989999771118164,31.549999237060547,31.760000228881836,31.7549991607666,933606.0,30.45233154296875,2022-02-03
1643961600,31.959999084472656,31.145000457763672,31.895000457763672,31.725000381469727,1344965.0,30.423564910888672,2022-02-04
1644220800,32.22999954223633,31.594999313354492,32.0,31.924999237060547,942108.0,30.615358352661133,2022-02-07
1644307200,32.54999923706055,31.6299991607666,32.154998779296875,32.525001525878906,1329678.0,31.190746307373047,2022-02-08
1644393600,33.459999084472656,32.76499938964844,32.76499938964844,33.22999954223633,1757843.0,31.866825103759766,2022-02-09
1644480000,33.81999969482422,32.54499816894531,33.29999923706055,32.54499816894531,9928899.0,31.209922790527344,2022-02-10
1644566400,33.13999938964844,32.189998626708984,32.404998779296875,32.345001220703125,2231698.0,31.018131256103516,2022-02-11
1644825600,31.524999618530273,30.709999084472656,31.204999923706055,31.364999771118164,1988166.0,30.078330993652344,2022-02-14
1644912000,31.924999237060547,31.125,31.299999237060547,31.65999984741211,2098636.0,30.361230850219727,2022-02-15
1644998400,32.08000183105469,31.44499969482422,31.795000076293945,31.5,1278185.0,30.207794189453125,2022-02-16
1645084800,32.02000045776367,31.44499969482422,31.53499984741211,31.5,1154154.0,30.207794189453125,2022-02-17
1645171200,31.65999984741211,30.979999542236328,31.510000228881836,31.274999618530273,1191340.0,29.992023468017578,2022-02-18
1645430400,31.5,30.350000381469727,31.3700008392334,30.649999618530273,1211127.0,29.392662048339844,2022-02-21
1645516800,30.825000762939453,29.315000534057617,29.475000381469727,30.2450008392334,1348465.0,29.0042781829834,2022-02-22
1645603200,30.850000381469727,29.395000457763672,30.31999969482422,29.540000915527344,1416491.0,28.32819938659668,2022-02-23
1645689600,28.915000915527344,27.514999389648438,28.0,28.145000457763672,3162235.0,26.99042510986328,2022-02-24
1645776000,28.934999465942383,27.80500030517578,28.8799991607666,28.19499969482422,2350918.0,27.038372039794922,2022-02-25
1646035200,28.25,26.514999389648438,27.735000610351562,27.18000030517578,3855494.0,26.06501007080078,2022-02-28
1646121600,27.139999389648438,25.0049991607666,26.989999771118164,25.125,3104716.0,24.094310760498047,2022-03-01
1646208000,24.655000686645508,23.454999923706055,24.655000686645508,23.860000610351562,3994045.0,22.881206512451172,2022-03-02
1646294400,24.780000686645508,23.19499969482422,24.040000915527344,23.399999618530273,3429017.0,22.440074920654297,2022-03-03
1646380800,23.184999465942383,21.610000610351562,23.0,22.03499984741211,4178287.0,21.131071090698242,2022-03-04
1646640000,22.725000381469727,20.28499984741211,21.114999771118164,22.5,3999490.0,21.576995849609375,2022-03-07
1646726400,23.735000610351562,22.219999313354492,22.225000381469727,22.790000915527344,3012218.0,21.855100631713867,2022-03-08
1646812800,24.774999618530273,23.28499984741211,23.950000762939453,24.700000762939453,3274640.0,23.68674659729004,2022-03-09
1646899200,24.885000228881836,23.059999465942383,24.799999237060547,23.139999389648438,3042743.0,22.19074058532715,2022-03-10
1646985600,24.725000381469727,22.975000381469727,23.190000534057617,23.989999771118164,2231892.0,23.00587272644043,2022-03-11
1647244800,25.190000534057617,24.190000534057617,24.739999771118164,24.235000610351562,2105044.0,23.240821838378906,2022-03-14
1647331200,24.299999237060547,23.05500030517578,24.219999313354492,23.299999237060547,2287266.0,22.34417724609375,2022-03-15
1647417600,25.024999618530273,23.864999771118164,24.09000015258789,24.584999084472656,2669219.0,23.57646369934082,2022-03-16
1647504000,25.184999465942383,24.225000381469727,24.959999084472656,25.079999923706055,1798879.0,24.051156997680664,2022-03-17
1647590400,25.204999923706055,24.0049991607666,25.0,24.510000228881836,11274374.0,23.504541397094727,2022-03-18
1647849600,24.905000686645508,24.229999542236328,24.510000228881836,24.420000076293945,2327711.0,23.418231964111328,2022-03-21
1647936000,24.625,23.9950008392334,24.405000686645508,24.174999237060547,2111175.0,23.18328285217285,2022-03-22
1648022400,25.020000457763672,23.815000534057617,24.5,24.010000228881836,2863333.0,23.02505111694336,2022-03-23
1648108800,26.329999923706055,24.790000915527344,24.889999389648438,25.709999084472656,4056528.0,24.65531349182129,2022-03-24
1648195200,27.024999618530273,25.225000381469727,26.915000915527344,25.405000686645508,3891750.0,24.362825393676758,2022-03-25
1648450800,26.424999237060547,25.56999969482422,25.600000381469727,26.34000015258789,2415723.0,25.259469985961914,2022-03-28
1648537200,27.71500015258789,25.665000915527344,26.71500015258789,27.03499984741211,4744336.0,25.92595863342285,2022-03-29
1648623600,27.21500015258789,25.854999542236328,27.125,26.325000762939453,2909849.0,25.245084762573242,2022-03-30
1648710000,26.540000915527344,25.19499969482422,26.440000534057617,25.229999542236328,2842160.0,24.195003509521484,2022-03-31
1648796400,25.639999389648438,25.100000381469727,25.399999618530273,25.100000381469727,1692818.0,24.070337295532227,2022-04-01
1649055600,25.5,24.625,25.3799991607666,25.18000030517578,1188349.0,24.147056579589844,2022-04-04
1649142000,25.229999542236328,23.875,25.0049991607666,23.905000686645508,3026145.0,22.924360275268555,2022-04-05
1649228400,24.225000381469727,23.040000915527344,23.81999969482422,23.295000076293945,2641386.0,22.33938217163086,2022-04-06
1649314800,23.655000686645508,23.0049991607666,23.3700008392334,23.0049991607666,1899413.0,22.061279296875,2022-04-07
1649401200,23.854999542236328,23.184999465942383,23.5,23.614999771118164,1765382.0,22.646255493164062,2022-04-08
1649660400,24.1200008392334,23.15999984741211,23.489999771118164,23.829999923706055,1508936.0,22.852436065673828,2022-04-11
1649746800,23.84000015258789,23.350000381469727,23.540000915527344,23.75,1568448.0,22.77571678161621,2022-04-12
1649833200,23.6200008392334,23.059999465942383,23.55500030517578,23.454999923706055,1307206.0,22.49281883239746,2022-04-13
1649919600,24.030000686645508,23.4950008392334,23.59000015258789,23.7450008392334,1901016.0,22.770923614501953,2022-04-14
1650351600,24.65999984741211,23.469999313354492,23.770000457763672,24.520000457763672,2040125.0,23.514131546020508,2022-04-19
1650438000,25.639999389648438,24.520000457763672,24.700000762939453,25.53499984741211,1859782.0,24.487491607666016,2022-04-20
1650524400,25.53499984741211,25.53499984741211,25.53499984741211,25.53499984741211,0.0,24.487491607666016,2022-04-21
1650610800,25.53499984741211,25.53499984741211,25.53499984741211,25.53499984741211,0.0,24.487491607666016,2022-04-22
1650870000,26.145000457763672,24.80500030517578,24.850000381469727,25.5,1872986.0,24.453927993774414,2022-04-25
1650956400,25.5,25.5,25.5,25.5,0.0,24.453927993774414,2022-04-26
1651042800,25.5,25.5,25.5,25.5,0.0,24.453927993774414,2022-04-27
1651129200,26.415000915527344,25.674999237060547,25.799999237060547,26.040000915527344,1824596.0,24.971776962280273,2022-04-28
1651215600,26.344999313354492,25.405000686645508,26.0,25.799999237060547,1873823.0,24.741621017456055,2022-04-29
1651474800,25.799999237060547,25.799999237060547,25.799999237060547,25.799999237060547,0.0,24.741621017456055,2022-05-02
1651561200,26.260000228881836,25.350000381469727,25.639999389648438,26.260000228881836,1478041.0,25.182750701904297,2022-05-03
1651647600,26.799999237060547,25.65999984741211,26.065000534057617,26.69499969482422,1888731.0,25.59990692138672,2022-05-04
1651734000,27.200000762939453,25.579999923706055,27.030000686645508,25.739999771118164,2630439.0,24.68408203125,2022-05-05
1651820400,25.739999771118164,25.739999771118164,25.739999771118164,25.739999771118164,0.0,24.68408203125,2022-05-06
1652079600,25.739999771118164,25.739999771118164,25.739999771118164,25.739999771118164,0.0,24.68408203125,2022-05-09
1652166000,26.260000228881836,25.594999313354492,25.940000534057617,25.78499984741211,1137387.0,24.727237701416016,2022-05-10
1652252400,25.78499984741211,25.78499984741211,25.78499984741211,25.78499984741211,0.0,24.727237701416016,2022-05-11
1652338800,26.3700008392334,25.450000762939453,25.579999923706055,26.3700008392334,1513523.0,25.288240432739258,2022-05-12
1652425200,26.3700008392334,26.3700008392334,26.3700008392334,26.3700008392334,0.0,25.288240432739258,2022-05-13
1652684400,27.350000381469727,26.774999618530273,27.200000762939453,27.030000686645508,1894465.0,25.921165466308594,2022-05-16
1652770800,29.15999984741211,27.770000457763672,28.1200008392334,28.78499984741211,2523087.0,27.604169845581055,2022-05-17
1652857200,29.80500030517578,28.905000686645508,29.149999618530273,29.1299991607666,1774028.0,27.935016632080078,2022-05-18
1652943600,29.1299991607666,29.1299991607666,29.1299991607666,29.1299991607666,0.0,27.935016632080078,2022-05-19
1653030000,29.155000686645508,27.989999771118164,28.69499969482422,28.030000686645508,1976488.0,26.880142211914062,2022-05-20
1653289200,28.899999618530273,28.174999237060547,28.700000762939453,28.5,813472.0,27.330860137939453,2022-05-23
1653375600,28.3700008392334,27.78499984741211,28.260000228881836,27.78499984741211,1024322.0,26.645191192626953,2022-05-24
1653462000,27.78499984741211,27.78499984741211,27.78499984741211,27.78499984741211,0.0,26.645191192626953,2022-05-25
1653548400,28.950000762939453,28.05500030517578,28.084999084472656,28.625,1189317.0,27.450733184814453,2022-05-26
1653634800,28.625,28.625,28.625,28.625,0.0,27.450733184814453,2022-05-27
1653894000,28.625,28.625,28.625,28.625,0.0,27.450733184814453,2022-05-30
1653980400,29.684999465942383,28.975000381469727,29.329999923706055,29.030000686645508,5214343.0,27.83911895751953,2022-05-31
1654066800,29.770000457763672,29.049999237060547,29.139999389648438,29.59000015258789,1262015.0,28.37614631652832,2022-06-01
1654153200,29.59000015258789,29.59000015258789,29.59000015258789,29.59000015258789,0.0,28.37614631652832,2022-06-02
1654239600,29.59000015258789,29.59000015258789,29.59000015258789,29.59000015258789,0.0,28.37614631652832,2022-06-03
1654498800,30.264999389648438,29.799999237060547,30.0049991607666,29.895000457763672,750012.0,28.66863441467285,2022-06-06
1654585200,29.905000686645508,29.30500030517578,29.690000534057617,29.815000534057617,1028331.0,28.591917037963867,2022-06-07
1654671600,30.190000534057617,29.655000686645508,30.0,30.020000457763672,853502.0,28.78850746154785,2022-06-08
1654758000,29.979999542236328,29.225000381469727,29.5,29.375,1050737.0,28.169965744018555,2022-06-09
1654844400,29.2549991607666,28.299999237060547,29.149999618530273,28.440000534057617,1415484.0,27.27332305908203,2022-06-10
1655103600,28.149999618530273,27.440000534057617,27.8799991607666,27.780000686645508,1453430.0,26.640398025512695,2022-06-13
1655190000,28.184999465942383,27.329999923706055,27.920000076293945,27.360000610351562,1191951.0,26.237627029418945,2022-06-14
1655276400,27.989999771118164,27.510000228881836,27.709999084472656,27.6299991607666,1121135.0,26.496549606323242,2022-06-15
1655362800,27.665000915527344,26.459999084472656,27.549999237060547,26.649999618530273,1504174.0,25.556751251220703,2022-06-16
1655449200,27.2549991607666,26.434999465942383,26.610000610351562,26.825000762939453,3712332.0,25.72457504272461,2022-06-17
1655708400,27.225000381469727,26.575000762939453,26.915000915527344,27.15999984741211,704082.0,26.04583168029785,2022-06-20
1655794800,27.8799991607666,27.030000686645508,27.309999465942383,27.184999465942383,928655.0,26.069805145263672,2022-06-21
1655881200,26.780000686645508,26.024999618530273,26.770000457763672,26.139999389648438,1353990.0,25.067672729492188,2022-06-22
1655967600,26.06999969482422,25.204999923706055,26.0,25.21500015258789,1610183.0,24.180620193481445,2022-06-23
1656054000,25.764999389648438,24.975000381469727,25.424999237060547,25.729999542236328,1328658.0,24.67449188232422,2022-06-24
1656313200,26.860000610351562,25.96500015258789,26.040000915527344,26.09000015258789,1040131.0,25.019725799560547,2022-06-27
1656399600,26.625,25.75,26.309999465942383,25.8799991607666,1120933.0,24.81833839416504,2022-06-28
1656486000,25.69499969482422,25.165000915527344,25.56999969482422,25.329999923706055,1098868.0,24.29090118408203,2022-06-29
1656572400,25.165000915527344,24.364999771118164,25.049999237060547,24.90999984741211,1801156.0,23.888132095336914,2022-06-30
1656658800,25.700000762939453,24.68000030517578,24.899999618530273,25.03499984741211,1263526.0,24.00800323486328,2022-07-01
1656918000,25.280000686645508,24.760000228881836,25.19499969482422,24.760000228881836,908499.0,23.744285583496094,2022-07-04
1657004400,25.045000076293945,22.84000015258789,24.940000534057617,22.84000015258789,1892738.0,21.903047561645508,2022-07-05
1657090800,23.334999084472656,22.645000457763672,23.139999389648438,22.7549991607666,1396242.0,21.821533203125,2022-07-06
1657177200,24.399999618530273,22.915000915527344,22.959999084472656,24.399999618530273,1430120.0,23.399051666259766,2022-07-07
1657263600,25.385000228881836,23.989999771118164,24.2450008392334,25.30500030517578,1356799.0,24.26692771911621,2022-07-08
1657522800,24.75,24.03499984741211,24.604999542236328,24.045000076293945,1507809.0,23.058616638183594,2022-07-11
1657609200,24.045000076293945,24.045000076293945,24.045000076293945,24.045000076293945,0.0,23.058616638183594,2022-07-12
1657695600,24.149999618530273,23.364999771118164,24.024999618530273,23.854999542236328,1426634.0,22.87640953063965,2022-07-13
1657782000,24.2450008392334,23.329999923706055,23.690000534057617,23.6200008392334,1018096.0,22.651050567626953,2022-07-14
1657868400,24.5049991607666,23.549999237060547,23.65999984741211,24.3700008392334,1387845.0,23.370285034179688,2022-07-15
1658127600,25.06999969482422,24.46500015258789,24.584999084472656,24.790000915527344,1131294.0,23.773056030273438,2022-07-18
1658214000,26.030000686645508,24.434999465942383,24.6200008392334,25.704999923706055,1470319.0,24.6505184173584,2022-07-19
1658300400,26.229999542236328,25.18000030517578,26.0,25.700000762939453,1446127.0,24.64572525024414,2022-07-20
1658386800,25.920000076293945,25.045000076293945,25.610000610351562,25.649999618530273,1243018.0,24.597774505615234,2022-07-21
1658473200,25.799999237060547,25.309999465942383,25.56999969482422,25.614999771118164,738303.0,24.564210891723633,2022-07-22
1658732400,26.020000457763672,25.375,25.559999465942383,25.46500015258789,905387.0,24.420364379882812,2022-07-25
1658818800,25.579999923706055,24.764999389648438,25.424999237060547,25.19499969482422,1071328.0,24.161439895629883,2022-07-26
1658905200,25.895000457763672,25.139999389648438,25.399999618530273,25.81999969482422,908254.0,24.760801315307617,2022-07-27
1658991600,26.56999969482422,25.420000076293945,25.424999237060547,26.395000457763672,1256625.0,25.312213897705078,2022-07-28
1659078000,26.985000610351562,26.56999969482422,26.600000381469727,26.59000015258789,998685.0,25.49921417236328,2022-07-29
1659337200,27.184999465942383,26.614999771118164,26.700000762939453,27.014999389648438,1216741.0,25.90677833557129,2022-08-01
1659423600,27.530000686645508,26.704999923706055,26.850000381469727,27.325000762939453,944791.0,26.204063415527344,2022-08-02
1659510000,27.524999618530273,26.78499984741211,27.280000686645508,27.450000762939453,769173.0,26.32393455505371,2022-08-03
1659596400,27.450000762939453,27.450000762939453,27.450000762939453,27.450000762939453,0.0,26.32393455505371,2022-08-04
1659682800,28.05500030517578,27.545000076293945,27.81999969482422,27.579999923706055,904417.0,26.44860076904297,2022-08-05
1659942000,28.174999237060547,27.674999237060547,27.760000228881836,27.90999984741211,812819.0,26.765064239501953,2022-08-08
1660028400,27.885000228881836,27.334999084472656,27.885000228881836,27.454999923706055,630084.0,26.3287296295166,2022-08-09
1660114800,27.969999313354492,27.165000915527344,27.299999237060547,27.934999465942383,730866.0,26.789037704467773,2022-08-10
1660201200,28.610000610351562,27.170000076293945,28.200000762939453,27.834999084472656,937109.0,26.693140029907227,2022-08-11
1660287600,29.049999237060547,28.05500030517578,28.15999984741211,28.399999618530273,1446992.0,27.234962463378906,2022-08-12
1660546800,28.56999969482422,28.045000076293945,28.420000076293945,28.56999969482422,746793.0,27.39798927307129,2022-08-15
1660633200,28.81999969482422,28.354999542236328,28.530000686645508,28.674999237060547,917282.0,27.498682022094727,2022-08-16
1660719600,28.8799991607666,27.360000610351562,28.81999969482422,27.600000381469727,1453150.0,26.46778106689453,2022-08-17
1660806000,27.905000686645508,27.264999389648438,27.44499969482422,27.5049991607666,841437.0,26.376678466796875,2022-08-18
1660892400,27.459999084472656,27.030000686645508,27.059999465942383,27.094999313354492,1105942.0,25.983497619628906,2022-08-19
1661151600,27.1299991607666,25.979999542236328,26.90999984741211,26.100000381469727,1534742.0,25.029315948486328,2022-08-22
1661238000,26.700000762939453,25.774999618530273,25.799999237060547,25.875,1073997.0,24.81354522705078,2022-08-23
1661324400,26.219999313354492,25.55500030517578,25.950000762939453,25.729999542236328,1120963.0,24.67449188232422,2022-08-24
1661410800,26.15999984741211,25.34000015258789,25.850000381469727,25.46500015258789,1845289.0,24.420364379882812,2022-08-25
1661497200,26.309999465942383,25.239999771118164,25.639999389648438,25.344999313354492,829305.0,24.305286407470703,2022-08-26
1661756400,25.739999771118164,24.905000686645508,25.020000457763672,25.459999084472656,0.0,24.41556739807129,2022-08-29
1661842800,26.4950008392334,25.469999313354492,25.475000381469727,25.8700008392334,1003997.0,24.80875015258789,2022-08-30
1661929200,26.040000915527344,25.399999618530273,25.934999465942383,25.524999618530273,1529378.0,24.477901458740234,2022-08-31
1662015600,25.399999618530273,24.844999313354492,25.350000381469727,25.21500015258789,1015944.0,24.180620193481445,2022-09-01
1662102000,25.96500015258789,25.21500015258789,25.389999389648438,25.8700008392334,899835.0,24.80875015258789,2022-09-02
1662361200,25.264999389648438,24.665000915527344,25.0,24.704999923706055,1088109.0,23.69154167175293,2022-09-05
1662447600,25.104999542236328,24.360000610351562,24.65999984741211,24.985000610351562,829751.0,23.96005630493164,2022-09-06
1662534000,25.049999237060547,24.479999542236328,24.700000762939453,24.93000030517578,637637.0,23.907310485839844,2022-09-07
1662620400,25.3799991607666,24.290000915527344,25.239999771118164,24.610000610351562,851059.0,23.600439071655273,2022-09-08
1662706800,25.239999771118164,24.610000610351562,24.610000610351562,25.149999618530273,890823.0,24.1182861328125,2022-09-09
1662966000,26.510000228881836,25.315000534057617,25.31999969482422,26.475000381469727,1033191.0,25.388931274414062,2022-09-12
1663052400,26.774999618530273,25.71500015258789,26.5,25.809999465942383,1401157.0,24.751211166381836,2022-09-13
1663138800,25.905000686645508,25.135000228881836,25.559999465942383,25.440000534057617,1126718.0,24.396390914916992,2022-09-14
1663225200,26.045000076293945,25.405000686645508,25.405000686645508,25.649999618530273,1010746.0,24.597774505615234,2022-09-15
1663311600,25.219999313354492,23.985000610351562,25.18000030517578,24.75,3121257.0,23.734695434570312,2022-09-16
1663570800,25.475000381469727,24.25,24.579999923706055,25.325000762939453,1195193.0,24.286108016967773,2022-09-19
1663657200,25.729999542236328,24.674999237060547,25.405000686645508,24.985000610351562,1171494.0,23.96005630493164,2022-09-20
1663743600,25.43000030517578,24.579999923706055,24.84000015258789,25.18000030517578,1169243.0,24.147056579589844,2022-09-21
1663830000,25.270000457763672,24.540000915527344,24.559999465942383,24.610000610351562,870371.0,23.600439071655273,2022-09-22
1663916400,24.614999771118164,23.850000381469727,24.610000610351562,24.094999313354492,1436593.0,23.106563568115234,2022-09-23
1664175600,24.985000610351562,23.704999923706055,23.790000915527344,24.344999313354492,1207349.0,23.3463077545166,2022-09-26
1664262000,24.78499984741211,23.81999969482422,24.780000686645508,23.81999969482422,1393338.0,22.842845916748047,2022-09-27
1664348400,23.68000030517578,22.854999542236328,23.440000534057617,23.5,1708046.0,22.535972595214844,2022-09-28
1664434800,23.469999313354492,22.475000381469727,23.434999465942383,22.69499969482422,1572496.0,21.763996124267578,2022-09-29
1664521200,23.3799991607666,22.825000762939453,22.950000762939453,23.350000381469727,1419584.0,22.392126083374023,2022-09-30
1664780400,24.045000076293945,22.84000015258789,23.229999542236328,24.045000076293945,1133271.0,23.058616638183594,2022-10-03
1664866800,24.80500030517578,24.030000686645508,24.290000915527344,24.78499984741211,1448444.0,23.768259048461914,2022-10-04
1664953200,24.8799991607666,24.079999923706055,24.729999542236328,24.43000030517578,1116829.0,23.42782211303711,2022-10-05
1665039600,24.979999542236328,24.3700008392334,24.625,24.395000457763672,946293.0,23.394258499145508,2022-10-06
1665126000,24.6299991607666,24.21500015258789,24.299999237060547,24.280000686645508,1159991.0,23.28397560119629,2022-10-07
1665385200,25.239999771118164,24.040000915527344,24.059999465942383,24.56999969482422,1176469.0,23.56207847595215,2022-10-10
1665471600,25.229999542236328,24.2549991607666,24.434999465942383,24.889999389648438,1363797.0,23.86895179748535,2022-10-11
1665558000,25.65999984741211,24.889999389648438,24.934999465942383,25.1200008392334,1585992.0,24.08951759338379,2022-10-12
1665644400,25.700000762939453,24.584999084472656,25.1200008392334,25.399999618530273,1685827.0,24.358030319213867,2022-10-13
1665730800,25.75,24.815000534057617,25.600000381469727,25.21500015258789,1498844.0,24.180620193481445,2022-10-14
1665990000,26.229999542236328,25.045000076293945,25.30500030517578,25.969999313354492,1360107.0,24.904647827148438,2022-10-17
1666076400,26.520000457763672,25.8700008392334,26.21500015258789,25.96500015258789,1521615.0,24.899852752685547,2022-10-18
1666162800,26.739999771118164,25.90999984741211,26.235000610351562,26.03499984741211,1460365.0,24.966981887817383,2022-10-19
1666249200,25.795000076293945,25.049999237060547,25.69499969482422,25.420000076293945,1505609.0,24.37721061706543,2022-10-20
1666335600,25.540000915527344,24.940000534057617,25.100000381469727,25.389999389648438,1223624.0,24.348440170288086,2022-10-21
1666594800,26.014999389648438,25.270000457763672,25.770000457763672,25.704999923706055,883335.0,24.6505184173584,2022-10-24
1666681200,26.350000381469727,25.55500030517578,26.014999389648438,26.31999969482422,856987.0,25.24028968811035,2022-10-25
1666767600,26.649999618530273,26.225000381469727,26.360000610351562,26.364999771118164,957846.0,25.283443450927734,2022-10-26
1666854000,27.225000381469727,26.594999313354492,26.700000762939453,27.06999969482422,1489749.0,25.959522247314453,2022-10-27
1666940400,27.155000686645508,26.600000381469727,26.80500030517578,26.850000381469727,1140310.0,25.74854850769043,2022-10-28
1667203200,27.264999389648438,26.75,27.06999969482422,27.0,978678.0,25.89239501953125,2022-10-31
1667289600,27.989999771118164,27.295000076293945,27.360000610351562,27.674999237060547,1154218.0,26.539703369140625,2022-11-01
1667376000,27.90999984741211,27.440000534057617,27.780000686645508,27.469999313354492,1169412.0,26.34311294555664,2022-11-02
1667462400,27.459999084472656,26.584999084472656,27.280000686645508,27.0,1147354.0,25.89239501953125,2022-11-03
1667548800,27.770000457763672,26.96500015258789,27.059999465942383,27.565000534057617,1121596.0,26.43421745300293,2022-11-04
1667808000,27.985000610351562,27.31999969482422,27.549999237060547,27.635000228881836,1010592.0,26.501346588134766,2022-11-07
1667894400,28.344999313354492,27.674999237060547,27.825000762939453,28.100000381469727,1436791.0,26.947269439697266,2022-11-08
1667980800,28.399999618530273,27.93000030517578,28.125,28.0,1166796.0,26.85137176513672,2022-11-09
1668067200,29.0,27.665000915527344,27.815000534057617,28.704999923706055,2079163.0,27.527450561523438,2022-11-10
1668153600,29.274999618530273,28.25,29.1200008392334,28.545000076293945,2263631.0,27.37401580810547,2022-11-11
1668412800,29.405000686645508,27.829999923706055,28.809999465942383,28.399999618530273,1912765.0,27.234962463378906,2022-11-14
1668499200,28.78499984741211,28.114999771118164,28.579999923706055,28.719999313354492,1675827.0,27.54183578491211,2022-11-15
1668585600,29.030000686645508,28.489999771118164,28.639999389648438,29.0,2017201.0,27.81035041809082,2022-11-16
1668672000,29.6299991607666,28.895000457763672,29.229999542236328,29.389999389648438,1750873.0,28.184350967407227,2022-11-17
1668758400,30.1299991607666,29.434999465942383,29.5,30.114999771118164,2415455.0,28.879610061645508,2022-11-18
1669017600,30.295000076293945,29.854999542236328,29.940000534057617,30.084999084472656,949755.0,28.850839614868164,2022-11-21
1669104000,30.479999542236328,29.985000610351562,30.149999618530273,30.415000915527344,917584.0,29.16730308532715,2022-11-22
1669190400,30.760000228881836,30.200000762939453,30.44499969482422,30.485000610351562,1201099.0,29.234432220458984,2022-11-23
1669276800,31.014999389648438,30.459999084472656,30.5,30.985000610351562,821965.0,29.71392059326172,2022-11-24
1669363200,31.065000534057617,30.790000915527344,30.96500015258789,30.8799991607666,965493.0,29.61322593688965,2022-11-25
1669622400,30.8700008392334,30.545000076293945,30.75,30.774999618530273,1021131.0,29.512535095214844,2022-11-28
1669708800,31.225000381469727,30.729999542236328,30.850000381469727,30.959999084472656,896677.0,29.689945220947266,2022-11-29
1669795200,31.614999771118164,31.049999237060547,31.174999237060547,31.3700008392334,2056205.0,30.083127975463867,2022-11-30
1669881600,31.655000686645508,31.030000686645508,31.579999923706055,31.344999313354492,1100521.0,30.05915069580078,2022-12-01
1669968000,31.44499969482422,30.75,31.31999969482422,31.149999618530273,1815831.0,29.872150421142578,2022-12-02
1670227200,31.459999084472656,30.94499969482422,31.149999618530273,31.204999923706055,954271.0,29.924896240234375,2022-12-05
1670313600,31.125,30.485000610351562,31.100000381469727,30.780000686645508,1299009.0,29.517330169677734,2022-12-06
1670400000,30.875,30.280000686645508,30.40999984741211,30.565000534057617,1048372.0,29.31114959716797,2022-12-07
1670486400,30.795000076293945,30.450000762939453,30.65999984741211,30.510000228881836,857335.0,29.258405685424805,2022-12-08
1670572800,30.90999984741211,30.420000076293945,30.565000534057617,30.90999984741211,1042136.0,29.641996383666992,2022-12-09
1670832000,30.815000534057617,30.405000686645508,30.684999465942383,30.690000534057617,867140.0,29.43102264404297,2022-12-12
1670918400,31.3799991607666,30.665000915527344,30.729999542236328,31.020000457763672,1010048.0,29.74748420715332,2022-12-13
1671004800,31.114999771118164,30.584999084472656,31.0,30.75,716909.0,29.48855972290039,2022-12-14
1671091200,30.8799991607666,29.954999923706055,30.56999969482422,30.149999618530273,1958036.0,28.91317367553711,2022-12-15
1671177600,30.174999237060547,29.475000381469727,30.040000915527344,29.954999923706055,2790813.0,28.726173400878906,2022-12-16
1671436800,30.239999771118164,29.829999923706055,30.0,30.149999618530273,895992.0,28.91317367553711,2022-12-19
1671523200,30.184999465942383,29.739999771118164,29.850000381469727,29.90999984741211,920728.0,28.683019638061523,2022-12-20
1671609600,30.34000015258789,29.71500015258789,29.979999542236328,30.295000076293945,701899.0,29.05222511291504,2022-12-21
1671696000,30.350000381469727,29.520000457763672,30.28499984741211,29.59000015258789,882534.0,28.37614631652832,2022-12-22
1671782400,29.799999237060547,29.420000076293945,29.6299991607666,29.514999389648438,627340.0,28.304222106933594,2022-12-23
1672128000,29.975000381469727,29.459999084472656,29.719999313354492,29.575000762939453,514962.0,28.36176300048828,2022-12-27
1672214400,29.684999465942383,29.200000762939453,29.614999771118164,29.3700008392334,660063.0,28.165172576904297,2022-12-28
1672300800,29.530000686645508,28.979999542236328,29.229999542236328,29.395000457763672,651140.0,28.189146041870117,2022-12-29
1672383600,29.299999237060547,28.94499969482422,29.299999237060547,28.94499969482422,426185.0,27.757606506347656,2022-12-30
1672646400,29.43000030517578,29.100000381469727,29.135000228881836,29.3799991607666,704632.0,28.174760818481445,2023-01-02
1672732800,29.850000381469727,29.329999923706055,29.389999389648438,29.56999969482422,862133.0,28.356966018676758,2023-01-03
1672819200,30.145000457763672,29.559999465942383,29.770000457763672,29.864999771118164,836833.0,28.63986587524414,2023-01-04
1672905600,29.959999084472656,29.514999389648438,29.799999237060547,29.709999084472656,924435.0,28.491222381591797,2023-01-05
1672992000,30.344999313354492,29.68000030517578,29.854999542236328,30.239999771118164,1126056.0,28.999481201171875,2023-01-06
1673251200,30.674999237060547,30.110000610351562,30.389999389648438,30.545000076293945,832812.0,29.29197120666504,2023-01-09
1673337600,30.760000228881836,29.68000030517578,30.5049991607666,30.100000381469727,1093948.0,28.865224838256836,2023-01-10
1673424000,30.360000610351562,30.084999084472656,30.149999618530273,30.295000076293945,782757.0,29.05222511291504,2023-01-11
1673510400,30.729999542236328,30.190000534057617,30.334999084472656,30.540000915527344,1143981.0,29.28717613220215,2023-01-12
1673596800,30.59000015258789,29.174999237060547,30.55500030517578,29.405000686645508,2355199.0,28.1987361907959,2023-01-13
1673856000,29.65999984741211,29.014999389648438,29.5,29.530000686645508,968662.0,28.3186092376709,2023-01-16
1673942400,29.670000076293945,28.954999923706055,29.299999237060547,29.469999313354492,1377961.0,28.26106834411621,2023-01-17
1674028800,29.729999542236328,29.454999923706055,29.540000915527344,29.604999542236328,1145144.0,28.390531539916992,2023-01-18
1674115200,29.690000534057617,29.03499984741211,29.44499969482422,29.100000381469727,1370237.0,27.906248092651367,2023-01-19
1674201600,29.420000076293945,28.989999771118164,29.155000686645508,29.25,950940.0,28.050094604492188,2023-01-20
1674460800,29.735000610351562,29.239999771118164,29.4950008392334,29.709999084472656,952360.0,28.491222381591797,2023-01-23
1674547200,30.78499984741211,29.670000076293945,29.825000762939453,30.4950008392334,1542085.0,29.244022369384766,2023-01-24
1674633600,31.440000534057617,30.334999084472656,30.489999771118164,31.3700008392334,1676870.0,30.083127975463867,2023-01-25
1674720000,31.489999771118164,30.649999618530273,31.489999771118164,31.184999465942383,1517093.0,29.905715942382812,2023-01-26
1674806400,31.184999465942383,31.184999465942383,31.184999465942383,31.184999465942383,0.0,29.905715942382812,2023-01-27
1675065600,31.360000610351562,30.954999923706055,31.204999923706055,31.110000610351562,843824.0,29.83379364013672,2023-01-30
1675152000,31.209999084472656,30.665000915527344,31.15999984741211,30.770000457763672,992621.0,29.507740020751953,2023-01-31
1675238400,31.315000534057617,30.719999313354492,30.94499969482422,31.28499984741211,1125270.0,30.00161361694336,2023-02-01
1675324800,32.54999923706055,31.225000381469727,31.405000686645508,32.02000045776367,2379004.0,30.706462860107422,2023-02-02
1675411200,31.864999771118164,31.2549991607666,31.854999542236328,31.809999465942383,1228522.0,30.505075454711914,2023-02-03
1675670400,31.795000076293945,31.235000610351562,31.700000762939453,31.489999771118164,863479.0,30.198204040527344,2023-02-06
1675756800,31.68000030517578,31.170000076293945,31.68000030517578,31.354999542236328,757620.0,30.068740844726562,2023-02-07
1675843200,31.68000030517578,31.219999313354492,31.329999923706055,31.309999465942383,1117715.0,30.02558708190918,2023-02-08
1675929600,32.119998931884766,31.565000534057617,31.610000610351562,31.915000915527344,1392690.0,30.605770111083984,2023-02-09
1676016000,31.959999084472656,31.06999969482422,31.790000915527344,31.209999084472656,1182002.0,29.929689407348633,2023-02-10
1676275200,31.645000457763672,31.03499984741211,31.344999313354492,31.174999237060547,788298.0,29.89612579345703,2023-02-13
1676361600,31.344999313354492,30.979999542236328,31.31999969482422,31.045000076293945,896673.0,29.771459579467773,2023-02-14
1676448000,31.344999313354492,30.825000762939453,31.0,31.344999313354492,958822.0,30.05915069580078,2023-02-15
1676534400,31.94499969482422,30.81999969482422,31.5,30.985000610351562,1322533.0,29.71392059326172,2023-02-16
1676620800,31.450000762939453,30.6200008392334,30.71500015258789,31.424999237060547,1085544.0,30.1358699798584,2023-02-17
1676880000,31.600000381469727,31.239999771118164,31.489999771118164,31.290000915527344,444517.0,30.00640869140625,2023-02-20
1676966400,31.389999389648438,30.8799991607666,31.235000610351562,30.889999389648438,560917.0,29.62281608581543,2023-02-21
1677052800,30.795000076293945,30.40999984741211,30.739999771118164,30.725000381469727,826355.0,29.46458625793457,2023-02-22
1677139200,31.094999313354492,30.709999084472656,30.719999313354492,30.954999923706055,690589.0,29.685150146484375,2023-02-23
1677225600,31.25,30.0,31.0,30.0,2317374.0,28.76932716369629,2023-02-24
1677484800,30.375,29.875,30.25,29.979999542236328,1306371.0,28.750146865844727,2023-02-27
1677571200,30.100000381469727,29.524999618530273,29.8700008392334,30.014999389648438,1347663.0,28.78371238708496,2023-02-28
1677657600,30.344999313354492,30.06999969482422,30.135000228881836,30.260000228881836,1078099.0,29.018661499023438,2023-03-01
1677744000,30.2450008392334,29.825000762939453,30.059999465942383,30.209999084472656,889273.0,28.970712661743164,2023-03-02
1677830400,31.770000457763672,30.260000228881836,30.31999969482422,31.770000457763672,1670329.0,30.466718673706055,2023-03-03
1678089600,32.6150016784668,31.719999313354492,31.760000228881836,32.60499954223633,1419725.0,31.26746368408203,2023-03-06
1678176000,33.30500030517578,32.57500076293945,32.63999938964844,32.89500045776367,1100912.0,31.545568466186523,2023-03-07
1678262400,33.154998779296875,32.54499816894531,32.82500076293945,32.685001373291016,905739.0,31.34418296813965,2023-03-08
1678348800,32.880001068115234,32.400001525878906,32.689998626708984,32.4900016784668,804785.0,31.157182693481445,2023-03-09
1678435200,33.095001220703125,30.450000762939453,33.0,31.030000686645508,2850291.0,29.7570743560791,2023-03-10
1678694400,31.469999313354492,29.700000762939453,31.155000686645508,30.084999084472656,2190852.0,28.850839614868164,2023-03-13
1678780800,30.510000228881836,29.68000030517578,30.19499969482422,30.46500015258789,1365541.0,29.215251922607422,2023-03-14
1678867200,30.420000076293945,29.43000030517578,30.325000762939453,29.635000228881836,1923108.0,28.419300079345703,2023-03-15
1678953600,30.53499984741211,29.295000076293945,30.19499969482422,30.44499969482422,1536153.0,29.19607162475586,2023-03-16
1679040000,31.18000030517578,29.989999771118164,30.520000457763672,30.15999984741211,4083959.0,28.92276382446289,2023-03-17
1679299200,30.725000381469727,29.329999923706055,29.90999984741211,30.655000686645508,1221972.0,29.397459030151367,2023-03-20
1679385600,31.190000534057617,30.81999969482422,30.934999465942383,31.104999542236328,952765.0,29.828996658325195,2023-03-21
1679472000,31.420000076293945,30.825000762939453,30.985000610351562,31.170000076293945,916905.0,29.89133071899414,2023-03-22
1679558400,31.204999923706055,30.469999313354492,31.0,30.834999084472656,961981.0,29.570072174072266,2023-03-23
1679644800,30.665000915527344,29.114999771118164,30.649999618530273,29.530000686645508,1874261.0,28.3186092376709,2023-03-24
1679900400,30.485000610351562,29.75,29.899999618530273,30.364999771118164,1220350.0,29.119354248046875,2023-03-27
1679986800,30.924999237060547,30.385000228881836,30.65999984741211,30.6200008392334,938755.0,29.363893508911133,2023-03-28
1680073200,30.94499969482422,30.2549991607666,30.7450008392334,30.385000228881836,1130345.0,29.138534545898438,2023-03-29
1680159600,30.969999313354492,30.46500015258789,30.6299991607666,30.934999465942383,831846.0,29.665971755981445,2023-03-30
1680246000,31.204999923706055,30.899999618530273,30.9950008392334,31.110000610351562,1510800.0,29.83379364013672,2023-03-31
1680505200,31.020000457763672,30.09000015258789,31.010000228881836,30.43000030517578,1782870.0,29.18168830871582,2023-04-03
1680591600,30.969999313354492,30.360000610351562,30.579999923706055,30.360000610351562,982215.0,29.114559173583984,2023-04-04
1680678000,30.450000762939453,28.579999923706055,30.360000610351562,28.700000762939453,2503555.0,27.52265739440918,2023-04-05
1680764400,29.06999969482422,28.510000228881836,28.780000686645508,28.780000686645508,1280455.0,27.599374771118164,2023-04-06
1681196400,,,,,,,2023-04-11
1681282800,30.290000915527344,29.530000686645508,29.600000381469727,29.829999923706055,2486194.0,28.606300354003906,2023-04-12
1681369200,30.149999618530273,29.760000228881836,29.829999923706055,30.0,1279612.0,28.76932716369629,2023-04-13
1681455600,30.25,29.81999969482422,30.079999923706055,30.09000015258789,1395789.0,28.855634689331055,2023-04-14
1681714800,30.690000534057617,30.139999389648438,30.329999923706055,30.459999084472656,1081267.0,29.21045684814453,2023-04-17
1681801200,30.639999389648438,30.18000030517578,30.5,30.299999237060547,883300.0,29.05702018737793,2023-04-18
1681887600,30.209999084472656,29.6200008392334,30.170000076293945,29.93000030517578,1196900.0,28.702199935913086,2023-04-19
1681974000,30.579999923706055,29.940000534057617,30.139999389648438,30.469999313354492,2000204.0,29.220046997070312,2023-04-20
1682060400,30.530000686645508,29.989999771118164,30.469999313354492,30.0,1155078.0,28.76932716369629,2023-04-21
1682319600,30.18000030517578,29.84000015258789,29.940000534057617,29.959999084472656,995383.0,28.730966567993164,2023-04-24
1682406000,30.969999313354492,30.100000381469727,30.5,30.829999923706055,2000843.0,29.565279006958008,2023-04-25
1682492400,30.739999771118164,30.290000915527344,30.549999237060547,30.34000015258789,1540822.0,29.095380783081055,2023-04-26
1682578800,30.299999237060547,29.329999923706055,30.229999542236328,29.350000381469727,1920950.0,28.145992279052734,2023-04-27
1682665200,30.06999969482422,29.3700008392334,29.56999969482422,29.940000534057617,1604422.0,28.711790084838867,2023-04-28
1683010800,30.360000610351562,29.190000534057617,30.0,29.200000762939453,1687605.0,28.002145767211914,2023-05-02
1683097200,29.200000762939453,28.34000015258789,29.200000762939453,28.75,2066719.0,27.570606231689453,2023-05-03
1683183600,28.899999618530273,28.43000030517578,28.68000030517578,28.600000381469727,1287042.0,27.426759719848633,2023-05-04
1683270000,29.1299991607666,28.670000076293945,28.719999313354492,29.09000015258789,1127148.0,27.896657943725586,2023-05-05
1683529200,29.40999984741211,29.059999465942383,29.110000610351562,29.31999969482422,916444.0,28.11722183227539,2023-05-08
1683615600,29.139999389648438,27.920000076293945,29.06999969482422,28.739999771118164,3847693.0,27.561016082763672,2023-05-09
1683702000,29.09000015258789,28.559999465942383,28.989999771118164,28.81999969482422,1745021.0,27.637733459472656,2023-05-10
1683788400,29.059999465942383,28.579999923706055,29.010000228881836,28.709999084472656,1224810.0,27.532245635986328,2023-05-11
1683874800,28.709999084472656,28.709999084472656,28.709999084472656,28.709999084472656,0.0,27.532245635986328,2023-05-12
1684134000,29.15999984741211,28.829999923706055,29.079999923706055,29.040000915527344,944095.0,27.848709106445312,2023-05-15
1684220400,29.1200008392334,28.459999084472656,28.950000762939453,28.520000457763672,1152333.0,27.350040435791016,2023-05-16
1684306800,28.510000228881836,28.209999084472656,28.360000610351562,28.510000228881836,1177935.0,27.340450286865234,2023-05-17
1684389600,29.040000915527344,28.56999969482422,28.6299991607666,29.040000915527344,1067956.0,27.848709106445312,2023-05-18
1684479600,29.75,29.190000534057617,29.190000534057617,29.270000457763672,1854341.0,28.06927490234375,2023-05-19
1684738800,29.350000381469727,29.049999237060547,29.299999237060547,29.270000457763672,991986.0,28.06927490234375,2023-05-22
1684825200,,,,,,,2023-05-23
1684911600,29.020000457763672,27.979999542236328,28.940000534057617,28.09000015258789,1896700.0,26.937681198120117,2023-05-24
1684998000,28.100000381469727,27.56999969482422,28.09000015258789,27.809999465942383,1333573.0,26.669166564941406,2023-05-25
1685084400,28.479999542236328,27.81999969482422,27.969999313354492,28.399999618530273,1032453.0,27.234962463378906,2023-05-26
1685340000,28.809999465942383,28.43000030517578,28.6299991607666,28.510000228881836,481697.0,27.340450286865234,2023-05-29
1685430000,28.989999771118164,28.549999237060547,28.969999313354492,28.649999618530273,1043169.0,27.474706649780273,2023-05-30
1685516400,28.559999465942383,27.899999618530273,28.260000228881836,28.299999237060547,5333308.0,27.13906478881836,2023-05-31
1685602800,,,,,,,2023-06-01
1685689200,29.309999465942383,28.700000762939453,28.709999084472656,29.309999465942383,1376571.0,28.10763168334961,2023-06-02
1685948400,29.75,29.1200008392334,29.5,29.43000030517578,887181.0,28.22270965576172,2023-06-05
1686034800,29.579999923706055,28.709999084472656,29.350000381469727,29.56999969482422,1461643.0,28.356966018676758,2023-06-06
1686121200,30.020000457763672,29.459999084472656,29.639999389648438,29.950000762939453,1704010.0,28.721378326416016,2023-06-07
1686207600,30.709999084472656,29.969999313354492,29.969999313354492,30.65999984741211,1633402.0,29.402252197265625,2023-06-08
1686294000,31.040000915527344,30.559999465942383,30.690000534057617,30.579999923706055,952800.0,29.32553482055664,2023-06-09
1686553200,,,,,,,2023-06-12
1686639600,31.979999542236328,31.469999313354492,31.549999237060547,31.81999969482422,1588115.0,30.514665603637695,2023-06-13
1686726000,32.599998474121094,31.899999618530273,31.899999618530273,32.459999084472656,2069618.0,31.1284122467041,2023-06-14
1686812400,32.54999923706055,32.13999938964844,32.43000030517578,32.380001068115234,1347441.0,31.051694869995117,2023-06-15
1686898800,32.7400016784668,32.33000183105469,32.5,32.68000030517578,6144911.0,31.339387893676758,2023-06-16
1687158000,32.68000030517578,32.060001373291016,32.68000030517578,32.06999969482422,1457205.0,30.754409790039062,2023-06-19
1687244400,32.06999969482422,31.510000228881836,32.0,31.579999923706055,1765184.0,30.28451156616211,2023-06-20
1687330800,31.989999771118164,31.420000076293945,31.579999923706055,31.690000534057617,1860858.0,30.389999389648438,2023-06-21
1687417200,30.65999984741211,30.079999923706055,30.31999969482422,30.65999984741211,1680730.0,30.65999984741211,2023-06-22
1687503600,30.940000534057617,30.459999084472656,30.600000381469727,30.739999771118164,1281383.0,30.739999771118164,2023-06-23
1687762800,31.31999969482422,30.5,30.850000381469727,31.18000030517578,1175792.0,31.18000030517578,2023-06-26
1687849200,31.829999923706055,31.34000015258789,31.5,31.780000686645508,1142004.0,31.780000686645508,2023-06-27
1687935600,32.619998931884766,31.93000030517578,31.93000030517578,32.45000076293945,1948893.0,32.45000076293945,2023-06-28
1688022000,32.689998626708984,32.22999954223633,32.5,32.56999969482422,1164971.0,32.56999969482422,2023-06-29
1688108400,33.09000015258789,32.70000076293945,32.72999954223633,33.0,2122675.0,33.0,2023-06-30
1688367600,33.31999969482422,32.90999984741211,33.150001525878906,33.0099983215332,969704.0,33.0099983215332,2023-07-03
1688454000,33.18000030517578,32.720001220703125,32.939998626708984,32.849998474121094,734745.0,32.849998474121094,2023-07-04
1688540400,32.9900016784668,32.560001373291016,32.630001068115234,32.720001220703125,1462454.0,32.720001220703125,2023-07-05
1688626800,32.52000045776367,31.950000762939453,32.41999816894531,32.13999938964844,2092267.0,32.13999938964844,2023-07-06
1688713200,32.220001220703125,31.579999923706055,32.119998931884766,32.029998779296875,1687852.0,32.029998779296875,2023-07-07
1688972400,32.099998474121094,31.40999984741211,32.02000045776367,31.8799991607666,1094180.0,31.8799991607666,2023-07-10
1689058800,32.86000061035156,31.850000381469727,32.83000183105469,32.689998626708984,2780686.0,32.689998626708984,2023-07-11
1689145200,33.220001220703125,32.720001220703125,32.75,33.040000915527344,1493343.0,33.040000915527344,2023-07-12
1689231600,33.06999969482422,32.5099983215332,33.06999969482422,32.7400016784668,1497054.0,32.7400016784668,2023-07-13
1689318000,33.02000045776367,32.529998779296875,32.709999084472656,33.02000045776367,1174374.0,33.02000045776367,2023-07-14
1689577200,33.119998931884766,32.790000915527344,32.97999954223633,33.119998931884766,735680.0,33.119998931884766,2023-07-17
1689663600,33.27000045776367,32.84000015258789,33.119998931884766,33.2599983215332,740998.0,33.2599983215332,2023-07-18
1689750000,33.29999923706055,32.08000183105469,33.29999923706055,32.81999969482422,2156464.0,32.81999969482422,2023-07-19
1689836400,33.18000030517578,32.52000045776367,32.83000183105469,33.18000030517578,1302694.0,33.18000030517578,2023-07-20
1689922800,33.400001525878906,33.02000045776367,33.15999984741211,33.400001525878906,1894700.0,33.400001525878906,2023-07-21
1690182000,33.22999954223633,32.75,33.22999954223633,33.040000915527344,1049618.0,33.040000915527344,2023-07-24
1690268400,33.16999816894531,32.810001373291016,33.150001525878906,32.95000076293945,768317.0,32.95000076293945,2023-07-25
1690354800,33.119998931884766,32.75,32.95000076293945,32.939998626708984,1137483.0,32.939998626708984,2023-07-26
1690441200,34.040000915527344,32.959999084472656,33.06999969482422,34.040000915527344,2316710.0,34.040000915527344,2023-07-27
1690527600,34.130001068115234,33.75,34.0,34.130001068115234,2010876.0,34.130001068115234,2023-07-28
1690786800,34.310001373291016,34.04999923706055,34.150001525878906,34.150001525878906,1247926.0,34.150001525878906,2023-07-31
1690873200,33.68000030517578,33.0,33.630001068115234,33.33000183105469,2330109.0,33.33000183105469,2023-08-01
1690959600,33.689998626708984,32.4900016784668,32.869998931884766,33.4900016784668,2015880.0,33.4900016784668,2023-08-02
1691046000,33.630001068115234,33.22999954223633,33.58000183105469,33.4900016784668,1579111.0,33.4900016784668,2023-08-03
1691132400,34.25,33.58000183105469,33.66999816894531,34.189998626708984,1934331.0,34.189998626708984,2023-08-04
1691391600,,,,,,,2023-08-07
1691478000,33.81999969482422,33.220001220703125,33.779998779296875,33.54999923706055,1237208.0,33.54999923706055,2023-08-08
1691564400,34.09000015258789,33.75,33.88999938964844,33.83000183105469,1105305.0,33.83000183105469,2023-08-09
1691650800,34.310001373291016,33.880001068115234,34.09000015258789,34.209999084472656,1689745.0,34.209999084472656,2023-08-10
1691737200,34.22999954223633,33.84000015258789,34.02000045776367,34.119998931884766,1382173.0,34.119998931884766,2023-08-11
1691996400,34.130001068115234,33.59000015258789,34.130001068115234,33.880001068115234,1144223.0,33.880001068115234,2023-08-14
1692082800,34.06999969482422,33.58000183105469,33.95000076293945,33.900001525878906,1278433.0,33.900001525878906,2023-08-15
1692169200,34.04999923706055,33.75,33.869998931884766,33.93000030517578,769533.0,33.93000030517578,2023-08-16
1692255600,33.83000183105469,33.34000015258789,33.83000183105469,33.47999954223633,1143061.0,33.47999954223633,2023-08-17
1692342000,33.36000061035156,32.79999923706055,33.220001220703125,33.25,1334136.0,33.25,2023-08-18
1692601200,33.709999084472656,33.29999923706055,33.310001373291016,33.56999969482422,966105.0,33.56999969482422,2023-08-21
1692687600,33.959999084472656,33.5099983215332,33.75,33.75,1446304.0,33.75,2023-08-22
1692774000,33.849998474121094,33.34000015258789,33.849998474121094,33.5,805633.0,33.5,2023-08-23
1692860400,33.849998474121094,32.2599983215332,33.7599983215332,32.380001068115234,1770121.0,32.380001068115234,2023-08-24
1692946800,32.630001068115234,32.11000061035156,32.18000030517578,32.27000045776367,954378.0,32.27000045776367,2023-08-25
1693206000,32.81999969482422,32.380001068115234,32.529998779296875,32.68000030517578,1355003.0,32.68000030517578,2023-08-28
1693292400,32.849998474121094,32.380001068115234,32.810001373291016,32.529998779296875,1140301.0,32.529998779296875,2023-08-29
1693378800,32.689998626708984,32.11000061035156,32.689998626708984,32.27000045776367,1197651.0,32.27000045776367,2023-08-30
1693465200,32.66999816894531,32.33000183105469,32.349998474121094,32.4900016784668,1750163.0,32.4900016784668,2023-08-31
1693551600,32.63999938964844,32.06999969482422,32.58000183105469,32.08000183105469,1584623.0,32.08000183105469,2023-09-01
1693810800,32.31999969482422,31.969999313354492,32.13999938964844,32.04999923706055,440436.0,32.04999923706055,2023-09-04
1693897200,32.2400016784668,31.770000457763672,31.850000381469727,31.920000076293945,695468.0,31.920000076293945,2023-09-05
1693983600,32.209999084472656,31.84000015258789,31.84000015258789,31.989999771118164,1204207.0,31.989999771118164,2023-09-06
1694070000,32.43000030517578,31.829999923706055,31.850000381469727,32.349998474121094,1284634.0,32.349998474121094,2023-09-07
1694156400,32.61000061035156,32.0099983215332,32.45000076293945,32.4900016784668,1041360.0,32.4900016784668,2023-09-08
1694415600,33.36000061035156,32.70000076293945,32.70000076293945,33.2599983215332,1043242.0,33.2599983215332,2023-09-11
1694502000,33.560001373291016,33.060001373291016,33.38999938964844,33.5,822651.0,33.5,2023-09-12
1694588400,33.65999984741211,32.959999084472656,33.349998474121094,33.06999969482422,1019236.0,33.06999969482422,2023-09-13
1694674800,33.459999084472656,32.880001068115234,33.099998474121094,33.290000915527344,1058082.0,33.290000915527344,2023-09-14
1694761200,33.650001525878906,33.349998474121094,33.470001220703125,33.400001525878906,5896708.0,33.400001525878906,2023-09-15
1695020400,33.88999938964844,33.25,33.349998474121094,33.66999816894531,1087281.0,33.66999816894531,2023-09-18
1695106800,33.970001220703125,33.380001068115234,33.599998474121094,33.709999084472656,832974.0,33.709999084472656,2023-09-19
1695193200,34.060001373291016,33.56999969482422,33.849998474121094,34.0,858838.0,34.0,2023-09-20
1695279600,33.849998474121094,33.400001525878906,33.75,33.66999816894531,1119072.0,33.66999816894531,2023-09-21
1695366000,33.7599983215332,33.34000015258789,33.560001373291016,33.66999816894531,1210255.0,33.66999816894531,2023-09-22
1695625200,33.97999954223633,33.56999969482422,33.599998474121094,33.869998931884766,897408.0,33.869998931884766,2023-09-25
1695711600,33.84000015258789,33.529998779296875,33.81999969482422,33.54999923706055,1123748.0,33.54999923706055,2023-09-26
1695798000,33.560001373291016,32.47999954223633,33.47999954223633,32.709999084472656,1880948.0,32.709999084472656,2023-09-27
1695884400,33.290000915527344,32.7400016784668,32.880001068115234,33.22999954223633,1513712.0,33.22999954223633,2023-09-28
1695970800,33.310001373291016,32.7599983215332,33.279998779296875,32.81999969482422,1418024.0,32.81999969482422,2023-09-29
1696230000,33.29999923706055,32.75,33.08000183105469,32.77000045776367,821125.0,32.77000045776367,2023-10-02
1696312800,32.810001373291016,32.0,32.58000183105469,32.0,1543594.0,32.0,2023-10-03
1696402800,32.18000030517578,31.540000915527344,31.940000534057617,31.959999084472656,1555949.0,31.959999084472656,2023-10-04
1696489200,32.09000015258789,31.670000076293945,31.90999984741211,31.93000030517578,1165990.0,31.93000030517578,2023-10-05
1696575600,32.72999954223633,32.02000045776367,32.06999969482422,32.66999816894531,1332923.0,32.66999816894531,2023-10-06
1696834800,32.25,31.299999237060547,32.130001068115234,31.549999237060547,1966612.0,31.549999237060547,2023-10-09
1696921200,31.899999618530273,31.190000534057617,31.68000030517578,31.31999969482422,2758665.0,31.31999969482422,2023-10-10
1697007600,31.549999237060547,31.190000534057617,31.309999465942383,31.43000030517578,1664040.0,31.43000030517578,2023-10-11
1697094000,31.81999969482422,31.43000030517578,31.639999389648438,31.520000457763672,1165999.0,31.520000457763672,2023-10-12
1697180400,31.93000030517578,31.270000457763672,31.600000381469727,31.290000915527344,1772718.0,31.290000915527344,2023-10-13
1697439600,31.43000030517578,30.5,31.280000686645508,31.200000762939453,1441050.0,31.200000762939453,2023-10-16
1697526000,31.100000381469727,30.6200008392334,31.030000686645508,31.0,1642844.0,31.0,2023-10-17
1697612400,31.81999969482422,30.8799991607666,31.040000915527344,31.020000457763672,1380270.0,31.020000457763672,2023-10-18
1697698800,30.81999969482422,30.360000610351562,30.739999771118164,30.360000610351562,1642435.0,30.360000610351562,2023-10-19
1697785200,30.270000457763672,29.399999618530273,30.100000381469727,29.989999771118164,2009239.0,29.989999771118164,2023-10-20
1698044400,30.110000610351562,29.729999542236328,30.040000915527344,29.920000076293945,1090946.0,29.920000076293945,2023-10-23
1698130800,30.0,29.56999969482422,29.90999984741211,29.84000015258789,1474780.0,29.84000015258789,2023-10-24
1698217200,30.149999618530273,29.670000076293945,29.68000030517578,29.959999084472656,1355035.0,29.959999084472656,2023-10-25
1698303600,30.18000030517578,29.420000076293945,29.770000457763672,29.8799991607666,1768688.0,29.8799991607666,2023-10-26
1698390000,29.950000762939453,29.510000228881836,29.809999465942383,29.739999771118164,1373572.0,29.739999771118164,2023-10-27
1698652800,29.8799991607666,29.469999313354492,29.799999237060547,29.6200008392334,1061909.0,29.6200008392334,2023-10-30
1698739200,30.020000457763672,29.540000915527344,29.709999084472656,29.6200008392334,1572033.0,29.6200008392334,2023-10-31
1698825600,29.84000015258789,29.020000457763672,29.780000686645508,29.34000015258789,1571452.0,29.34000015258789,2023-11-01
1698912000,29.850000381469727,29.469999313354492,29.690000534057617,29.75,1211103.0,29.75,2023-11-02
1698998400,30.229999542236328,29.770000457763672,29.950000762939453,29.8799991607666,1347651.0,29.8799991607666,2023-11-03
1699257600,30.100000381469727,29.649999618530273,30.0,29.649999618530273,1192926.0,29.649999618530273,2023-11-06
1699344000,28.799999237060547,28.229999542236328,28.6299991607666,28.280000686645508,3046863.0,28.280000686645508,2023-11-07
1699430400,28.579999923706055,27.969999313354492,28.280000686645508,28.3700008392334,1974543.0,28.3700008392334,2023-11-08
1699516800,28.489999771118164,28.1200008392334,28.420000076293945,28.450000762939453,1762895.0,28.450000762939453,2023-11-09
1699603200,28.440000534057617,27.989999771118164,28.34000015258789,28.219999313354492,2924467.0,28.219999313354492,2023-11-10
1699862400,28.43000030517578,28.06999969482422,28.350000381469727,28.239999771118164,1546312.0,28.239999771118164,2023-11-13
1699948800,28.639999389648438,28.170000076293945,28.299999237060547,28.59000015258789,1955168.0,28.59000015258789,2023-11-14
1700035200,29.520000457763672,28.530000686645508,28.6200008392334,29.40999984741211,2516076.0,29.40999984741211,2023-11-15
1700121600,29.440000534057617,28.920000076293945,29.350000381469727,28.940000534057617,1625023.0,28.940000534057617,2023-11-16
1700208000,29.329999923706055,29.0,29.020000457763672,29.190000534057617,1367953.0,29.190000534057617,2023-11-17
1700467200,29.510000228881836,29.239999771118164,29.299999237060547,29.3799991607666,1358563.0,29.3799991607666,2023-11-20
1700553600,29.639999389648438,29.25,29.290000915527344,29.399999618530273,1436945.0,29.399999618530273,2023-11-21
1700640000,29.649999618530273,29.25,29.469999313354492,29.399999618530273,903670.0,29.399999618530273,2023-11-22
1700726400,29.579999923706055,29.389999389648438,29.440000534057617,29.420000076293945,700273.0,29.420000076293945,2023-11-23
1700812800,29.770000457763672,29.3799991607666,29.40999984741211,29.68000030517578,1514839.0,29.68000030517578,2023-11-24
1701072000,29.920000076293945,29.43000030517578,29.700000762939453,29.43000030517578,1607533.0,29.43000030517578,2023-11-27
1701158400,29.459999084472656,29.209999084472656,29.299999237060547,29.43000030517578,1439703.0,29.43000030517578,2023-11-28
1701244800,29.989999771118164,29.329999923706055,29.329999923706055,29.829999923706055,1357656.0,29.829999923706055,2023-11-29
1701331200,30.18000030517578,29.799999237060547,29.90999984741211,29.829999923706055,5864965.0,29.829999923706055,2023-11-30
1701417600,30.149999618530273,29.790000915527344,29.920000076293945,30.1200008392334,1469427.0,30.1200008392334,2023-12-01
1701676800,30.350000381469727,30.100000381469727,30.170000076293945,30.299999237060547,1283346.0,30.299999237060547,2023-12-04
1701763200,31.43000030517578,30.290000915527344,30.309999465942383,31.34000015258789,2554731.0,31.34000015258789,2023-12-05
1701849600,32.33000183105469,31.309999465942383,31.459999084472656,32.060001373291016,2218456.0,32.060001373291016,2023-12-06
1701936000,32.22999954223633,31.790000915527344,31.90999984741211,31.969999313354492,1109812.0,31.969999313354492,2023-12-07
1702022400,32.2599983215332,31.84000015258789,31.93000030517578,32.25,1205684.0,32.25,2023-12-08
1702281600,32.43000030517578,32.04999923706055,32.18000030517578,32.43000030517578,1464938.0,32.43000030517578,2023-12-11
1702368000,32.849998474121094,32.4900016784668,32.5,32.63999938964844,1126979.0,32.63999938964844,2023-12-12
1702454400,32.869998931884766,32.459999084472656,32.61000061035156,32.47999954223633,965359.0,32.47999954223633,2023-12-13
1702540800,33.75,33.029998779296875,33.09000015258789,33.7400016784668,2863684.0,33.7400016784668,2023-12-14
1702627200,34.38999938964844,33.7599983215332,33.83000183105469,34.15999984741211,4338973.0,34.15999984741211,2023-12-15
1702886400,34.36000061035156,33.81999969482422,33.90999984741211,34.18000030517578,1188790.0,34.18000030517578,2023-12-18
1702972800,34.380001068115234,33.95000076293945,34.119998931884766,34.0,1235553.0,34.0,2023-12-19
1703059200,34.40999984741211,34.13999938964844,34.15999984741211,34.22999954223633,1072715.0,34.22999954223633,2023-12-20
1703145600,34.09000015258789,33.75,34.029998779296875,34.0,998515.0,34.0,2023-12-21
1703232000,34.13999938964844,33.849998474121094,33.939998626708984,34.0,801449.0,34.0,2023-12-22
1703664000,34.220001220703125,33.880001068115234,34.02000045776367,34.040000915527344,694032.0,34.040000915527344,2023-12-27
1703750400,34.04999923706055,33.810001373291016,33.9900016784668,34.0099983215332,851389.0,34.0099983215332,2023-12-28
1703833200,34.18000030517578,33.88999938964844,34.0,34.02000045776367,562430.0,34.02000045776367,2023-12-29
